Product_Name,Price,Rating,Availability,Product_Link
Men Regular Fit Brown Cotton Blend Trousers,₹449,3.9★,Available,https://www.flipkart.com/red-cherry-regular-fit-men-brown-trousers/p/itma340a634b4190?pid=TROGKZGF6GGZCZEZ&lid=LSTTROGKZGF6GGZCZEZKIGPMR&marketplace=FLIPKART&q=trouser&store=clo%2Fvua%2Fmle&srno=s_9_338&otracker=search&otracker1=search&fm=organic&iid=en_KZ5FGACEaLZ3elxtpCSGQ9FkYa6L1ANcYe2WqWiK-bscMOnGvbeHoXXawksxxA3EXMoshtcUrbKjiAbQFz7MhQ%3D%3D&ppt=None&ppn=None&ssid=ne1lelgpyo0000001699122750649&qH=a6ea0201872b6f90
"Women Regular Fit Black, White Cotton Blend Trousers",₹499,4★,Available,https://www.flipkart.com/lee-tex-regular-fit-women-black-white-trousers/p/itme2cdd90fa9387?pid=TROGMGBJUYQWQGZM&lid=LSTTROGMGBJUYQWQGZMTB04AL&marketplace=FLIPKART&q=trouser&store=clo%2Fvua%2Fmle&srno=s_9_354&otracker=search&otracker1=search&fm=organic&iid=c68bb356-72b0-4418-88bd-074da3d36f82.TROGMGBJUYQWQGZM.SEARCH&ppt=None&ppn=None&ssid=ne1lelgpyo0000001699122750649&qH=a6ea0201872b6f90
Men Slim Fit Grey Polyester Trousers,₹919,3.9★,Available,https://www.flipkart.com/park-avenue-slim-fit-men-grey-trousers/p/itm3a94443ca73c0?pid=TROGQ5YCCYZAT69B&lid=LSTTROGQ5YCCYZAT69BNJUOJB&marketplace=FLIPKART&q=trouser&store=clo%2Fvua%2Fmle&srno=s_9_334&otracker=search&otracker1=search&fm=organic&iid=c68bb356-72b0-4418-88bd-074da3d36f82.TROGQ5YCCYZAT69B.SEARCH&ppt=None&ppn=None&ssid=ne1lelgpyo0000001699122750649&qH=a6ea0201872b6f90
Men Slim Fit Grey Cotton Blend Trousers,₹840,3.9★,Available,https://www.flipkart.com/roadster-slim-fit-men-grey-trousers/p/itmf8xypfqy8exzg?pid=TROF8XQJYKGWSXHS&lid=LSTTROF8XQJYKGWSXHS1LKYNQ&marketplace=FLIPKART&q=trouser&store=clo%2Fvua%2Fmle&srno=s_9_349&otracker=search&otracker1=search&fm=organic&iid=c68bb356-72b0-4418-88bd-074da3d36f82.TROF8XQJYKGWSXHS.SEARCH&ppt=None&ppn=None&ssid=ne1lelgpyo0000001699122750649&qH=a6ea0201872b6f90
Men Slim Fit Black Polycotton Trousers,₹439,3.8★,Available,https://www.flipkart.com/ds-slim-fit-men-black-trousers/p/itma928a6707414a?pid=TROG8W2QNXPWZUAR&lid=LSTTROG8W2QNXPWZUARAAG4KE&marketplace=FLIPKART&q=trouser&store=clo%2Fvua%2Fmle&srno=s_9_324&otracker=search&otracker1=search&fm=organic&iid=c68bb356-72b0-4418-88bd-074da3d36f82.TROG8W2QNXPWZUAR.SEARCH&ppt=None&ppn=None&ssid=ne1lelgpyo0000001699122750649&qH=a6ea0201872b6f90
Women Flared Purple Cotton Blend Trousers,₹398,3.8★,Available,https://www.flipkart.com/tokyo-talkies-flared-women-purple-trousers/p/itm2ad05a429338d?pid=TROG55GCVVPDZB5B&lid=LSTTROG55GCVVPDZB5BGNMEOR&marketplace=FLIPKART&q=trouser&store=clo%2Fvua%2Fmle&srno=s_9_359&otracker=search&otracker1=search&fm=organic&iid=c68bb356-72b0-4418-88bd-074da3d36f82.TROG55GCVVPDZB5B.SEARCH&ppt=None&ppn=None&ssid=ne1lelgpyo0000001699122750649&qH=a6ea0201872b6f90
Men Slim Fit Black Cotton Blend Trousers,₹479,3.9★,Available,https://www.flipkart.com/highlander-slim-fit-men-black-trousers/p/itmfdfd8mwezjwns?pid=TROEJRY5ZZTDDQUZ&lid=LSTTROEJRY5ZZTDDQUZANLZBL&marketplace=FLIPKART&q=trouser&store=clo%2Fvua%2Fmle&srno=s_9_360&otracker=search&otracker1=search&fm=organic&iid=c68bb356-72b0-4418-88bd-074da3d36f82.TROEJRY5ZZTDDQUZ.SEARCH&ppt=None&ppn=None&ssid=ne1lelgpyo0000001699122750649&qH=a6ea0201872b6f90
Women Regular Fit White Cotton Blend Trousers,₹333,3.8★,Available,https://www.flipkart.com/city-fashion-regular-fit-women-white-trousers/p/itm5ee19e9d2aac5?pid=TROGYBG69VGRFFSY&lid=LSTTROGYBG69VGRFFSYNZPPL8&marketplace=FLIPKART&q=trouser&store=clo%2Fvua%2Fmle&srno=s_9_333&otracker=search&otracker1=search&fm=organic&iid=c68bb356-72b0-4418-88bd-074da3d36f82.TROGYBG69VGRFFSY.SEARCH&ppt=None&ppn=None&ssid=ne1lelgpyo0000001699122750649&qH=a6ea0201872b6f90
"Pack of 2 Men Slim Fit Black, Grey Lycra Blend Trousers",₹479,4★,Available,https://www.flipkart.com/perfect-slim-fit-men-black-grey-trousers/p/itm0a3b7bd19efba?pid=TROGPXCPFJBPMGFP&lid=LSTTROGPXCPFJBPMGFPYT0TOV&marketplace=FLIPKART&q=trouser&store=clo%2Fvua%2Fmle&srno=s_9_328&otracker=search&otracker1=search&fm=organic&iid=en_KZ5FGACEaLZ3elxtpCSGQ9FkYa6L1ANcYe2WqWiK-bsgHK2QbUhTkwbSYTkum47LgNjIe_4fP5gmYTq5AxHM5A%3D%3D&ppt=None&ppn=None&ssid=ne1lelgpyo0000001699122750649&qH=a6ea0201872b6f90
"Women Regular Fit Black, Light Green Cotton Blend Trousers",₹499,4★,Available,https://www.flipkart.com/chalodia-regular-fit-women-black-light-green-trousers/p/itma277c0da8d38f?pid=TROGZYGXB6YUCVZF&lid=LSTTROGZYGXB6YUCVZFAK1OMS&marketplace=FLIPKART&q=trouser&store=clo%2Fvua%2Fmle&srno=s_9_353&otracker=search&otracker1=search&fm=organic&iid=c68bb356-72b0-4418-88bd-074da3d36f82.TROGZYGXB6YUCVZF.SEARCH&ppt=None&ppn=None&ssid=ne1lelgpyo0000001699122750649&qH=a6ea0201872b6f90
Men Regular Fit Dark Blue Viscose Rayon Trousers,₹959,4.1★,Available,https://www.flipkart.com/park-avenue-regular-fit-men-dark-blue-trousers/p/itmae74eb20477d5?pid=TROGPEH6QVREWW9X&lid=LSTTROGPEH6QVREWW9XZ4MYP7&marketplace=FLIPKART&q=trouser&store=clo%2Fvua%2Fmle&srno=s_9_326&otracker=search&otracker1=search&fm=organic&iid=c68bb356-72b0-4418-88bd-074da3d36f82.TROGPEH6QVREWW9X.SEARCH&ppt=None&ppn=None&ssid=ne1lelgpyo0000001699122750649&qH=a6ea0201872b6f90
Men Regular Fit Grey Lycra Blend Trousers,₹339,4★,Available,https://www.flipkart.com/perfect-regular-fit-men-grey-trousers/p/itmf1bc9152742d9?pid=TROGFFFZPYM4TZTJ&lid=LSTTROGFFFZPYM4TZTJWHJA5T&marketplace=FLIPKART&q=trouser&store=clo%2Fvua%2Fmle&srno=s_9_337&otracker=search&otracker1=search&fm=organic&iid=en_KZ5FGACEaLZ3elxtpCSGQ9FkYa6L1ANcYe2WqWiK-bvNRVpzkpE3WmMqpVdZvFA5OKUMSsnfrpuNz-0OmdBFHw%3D%3D&ppt=None&ppn=None&ssid=ne1lelgpyo0000001699122750649&qH=a6ea0201872b6f90
Men Slim Fit Grey Lycra Blend Trousers,₹399,3.4★,Available,https://www.flipkart.com/blaine-slim-fit-men-grey-trousers/p/itm141ded5c5a481?pid=TROGRYJPW7ZEBHHQ&lid=LSTTROGRYJPW7ZEBHHQ1HTAVS&marketplace=FLIPKART&q=trouser&store=clo%2Fvua%2Fmle&srno=s_9_330&otracker=search&otracker1=search&fm=organic&iid=c68bb356-72b0-4418-88bd-074da3d36f82.TROGRYJPW7ZEBHHQ.SEARCH&ppt=None&ppn=None&ssid=ne1lelgpyo0000001699122750649&qH=a6ea0201872b6f90
Men Slim Fit Grey Cotton Blend Trousers,₹666,3.6★,Available,https://www.flipkart.com/highlander-slim-fit-men-grey-trousers/p/itm75775cd5a8e4c?pid=TROGJH2C6UB3AHKP&lid=LSTTROGJH2C6UB3AHKP3EVJRK&marketplace=FLIPKART&q=trouser&store=clo%2Fvua%2Fmle&srno=s_9_340&otracker=search&otracker1=search&fm=organic&iid=c68bb356-72b0-4418-88bd-074da3d36f82.TROGJH2C6UB3AHKP.SEARCH&ppt=None&ppn=None&ssid=ne1lelgpyo0000001699122750649&qH=a6ea0201872b6f90
Men Regular Fit White Polyester Trousers,₹425,4★,Available,https://www.flipkart.com/jeenay-regular-fit-men-white-trousers/p/itm9c8dbc173129e?pid=TROGS936UDHHPMCV&lid=LSTTROGS936UDHHPMCV36XPFP&marketplace=FLIPKART&q=trouser&store=clo%2Fvua%2Fmle&srno=s_9_342&otracker=search&otracker1=search&fm=organic&iid=en_KZ5FGACEaLZ3elxtpCSGQ9FkYa6L1ANcYe2WqWiK-bvL5PMYWWjeVzFdh6tOKJ4JKuMFFMmbo5HZMDpSIE-z7w%3D%3D&ppt=None&ppn=None&ssid=ne1lelgpyo0000001699122750649&qH=a6ea0201872b6f90
Men Slim Fit Black Cotton Blend Trousers,₹930,4★,Available,https://www.flipkart.com/killer-slim-fit-men-black-trousers/p/itmb943277ee1249?pid=TROGP3ZYYKH5NWRH&lid=LSTTROGP3ZYYKH5NWRHD64IVF&marketplace=FLIPKART&q=trouser&store=clo%2Fvua%2Fmle&srno=s_9_329&otracker=search&otracker1=search&fm=organic&iid=c68bb356-72b0-4418-88bd-074da3d36f82.TROGP3ZYYKH5NWRH.SEARCH&ppt=None&ppn=None&ssid=ne1lelgpyo0000001699122750649&qH=a6ea0201872b6f90
Men Regular Fit Black Cotton Blend Trousers,₹374,3.8★,Available,https://www.flipkart.com/srey-regular-fit-men-black-trousers/p/itmb12f573833647?pid=TROFXQUGFD8YJTYF&lid=LSTTROFXQUGFD8YJTYFTGHZAY&marketplace=FLIPKART&q=trouser&store=clo%2Fvua%2Fmle&srno=s_9_341&otracker=search&otracker1=search&fm=organic&iid=en_KZ5FGACEaLZ3elxtpCSGQ9FkYa6L1ANcYe2WqWiK-buafB9tGjLRWo84VsuKMlvB37H_HK27F9cw6BY5ND_ZsQ%3D%3D&ppt=None&ppn=None&ssid=ne1lelgpyo0000001699122750649&qH=a6ea0201872b6f90
Men Slim Fit Green Pure Cotton Trousers,₹516,3.6★,Available,https://www.flipkart.com/urbano-fashion-slim-fit-men-green-trousers/p/itm9c35a01178c5c?pid=TROGMZVWTGNB2KFV&lid=LSTTROGMZVWTGNB2KFVQGDGYW&marketplace=FLIPKART&q=trouser&store=clo%2Fvua%2Fmle&srno=s_9_357&otracker=search&otracker1=search&fm=organic&iid=en_KZ5FGACEaLZ3elxtpCSGQ9FkYa6L1ANcYe2WqWiK-buXgQZT-W9ukwfYlLhFHX82hXmMfHy8SvfsThUP4-851w%3D%3D&ppt=None&ppn=None&ssid=ne1lelgpyo0000001699122750649&qH=a6ea0201872b6f90
Men Regular Fit Light Blue Cotton Blend Trousers,₹499,3.8★,Available,https://www.flipkart.com/mancrew-regular-fit-men-light-blue-trousers/p/itmfe6d622520ea0?pid=TROG6HBJ9CSMFGA8&lid=LSTTROG6HBJ9CSMFGA8PGKK0Z&marketplace=FLIPKART&q=trouser&store=clo%2Fvua%2Fmle&srno=s_9_343&otracker=search&otracker1=search&fm=organic&iid=c68bb356-72b0-4418-88bd-074da3d36f82.TROG6HBJ9CSMFGA8.SEARCH&ppt=None&ppn=None&ssid=ne1lelgpyo0000001699122750649&qH=a6ea0201872b6f90
Men Slim Fit Dark Green Cotton Blend Trousers,₹963,4.3★,Available,https://www.flipkart.com/killer-slim-fit-men-dark-green-trousers/p/itm070e53e3aabd0?pid=TROGP3FUWHUER76R&lid=LSTTROGP3FUWHUER76RETK5UD&marketplace=FLIPKART&q=trouser&store=clo%2Fvua%2Fmle&srno=s_9_356&otracker=search&otracker1=search&fm=organic&iid=c68bb356-72b0-4418-88bd-074da3d36f82.TROGP3FUWHUER76R.SEARCH&ppt=None&ppn=None&ssid=ne1lelgpyo0000001699122750649&qH=a6ea0201872b6f90
"Pack of 2 Men Regular Fit Black, Grey Lycra Blend Trousers",₹479,4★,Available,https://www.flipkart.com/perfect-regular-fit-men-black-grey-trousers/p/itmff57c50264a2c?pid=TROGHUAXYK9XGHGB&lid=LSTTROGHUAXYK9XGHGBLDQRKF&marketplace=FLIPKART&q=trouser&store=clo%2Fvua%2Fmle&srno=s_9_348&otracker=search&otracker1=search&fm=organic&iid=en_KZ5FGACEaLZ3elxtpCSGQ9FkYa6L1ANcYe2WqWiK-bsvguxt5oQtsuwhZeA9wgwDzxhr1rKWtRDw-XQ3JBortg%3D%3D&ppt=None&ppn=None&ssid=ne1lelgpyo0000001699122750649&qH=a6ea0201872b6f90
Men Slim Fit Grey Polyester Trousers,₹959,4.4★,Available,https://www.flipkart.com/raymond-slim-fit-men-grey-trousers/p/itm5146ed06da563?pid=TROGT59VZWMG8PMZ&lid=LSTTROGT59VZWMG8PMZXORDUA&marketplace=FLIPKART&q=trouser&store=clo%2Fvua%2Fmle&srno=s_9_339&otracker=search&otracker1=search&fm=organic&iid=c68bb356-72b0-4418-88bd-074da3d36f82.TROGT59VZWMG8PMZ.SEARCH&ppt=None&ppn=None&ssid=ne1lelgpyo0000001699122750649&qH=a6ea0201872b6f90
Men Regular Fit Dark Blue Viscose Rayon Trousers,₹432,3.6★,Available,https://www.flipkart.com/mast-harbour-regular-fit-men-dark-blue-trousers/p/itm645ff40a589fc?pid=TROGFGPAHHBT8D4H&lid=LSTTROGFGPAHHBT8D4HCGFYOA&marketplace=FLIPKART&q=trouser&store=clo%2Fvua%2Fmle&srno=s_9_336&otracker=search&otracker1=search&fm=organic&iid=c68bb356-72b0-4418-88bd-074da3d36f82.TROGFGPAHHBT8D4H.SEARCH&ppt=None&ppn=None&ssid=ne1lelgpyo0000001699122750649&qH=a6ea0201872b6f90
Men Regular Fit Grey Cotton Blend Trousers,₹449,3.9★,Available,https://www.flipkart.com/red-cherry-regular-fit-men-grey-trousers/p/itm5317f1433902c?pid=TROGG7ETXGQRF6S5&lid=LSTTROGG7ETXGQRF6S5ERJJ4Z&marketplace=FLIPKART&q=trouser&store=clo%2Fvua%2Fmle&srno=s_9_331&otracker=search&otracker1=search&fm=organic&iid=en_KZ5FGACEaLZ3elxtpCSGQ9FkYa6L1ANcYe2WqWiK-bsywIL1-Po9MGKJDIZD7TJDNzY33P6zMTy4vEJVlOkdtQ%3D%3D&ppt=None&ppn=None&ssid=ne1lelgpyo0000001699122750649&qH=a6ea0201872b6f90
Men Slim Fit Grey Polyester Trousers,₹919,NA,Available,https://www.flipkart.com/raymond-slim-fit-men-grey-trousers/p/itm8da0b215911dd?pid=TROGT59XEZJFR5ZZ&lid=LSTTROGT59XEZJFR5ZZX9UGUA&marketplace=FLIPKART&q=trouser&store=clo%2Fvua%2Fmle&srno=s_9_335&otracker=search&otracker1=search&fm=organic&iid=c68bb356-72b0-4418-88bd-074da3d36f82.TROGT59XEZJFR5ZZ.SEARCH&ppt=None&ppn=None&ssid=ne1lelgpyo0000001699122750649&qH=a6ea0201872b6f90
Men Regular Fit Black Lycra Blend Trousers,₹339,4★,Available,https://www.flipkart.com/perfect-regular-fit-men-black-trousers/p/itm6ae0c6151f989?pid=TROGDSSHVMV9JBUY&lid=LSTTROGDSSHVMV9JBUYGO2STY&marketplace=FLIPKART&q=trouser&store=clo%2Fvua%2Fmle&srno=s_9_322&otracker=search&otracker1=search&fm=organic&iid=en_KZ5FGACEaLZ3elxtpCSGQ9FkYa6L1ANcYe2WqWiK-bsUGAf1_mvngdZR8VtHsAbbhuhedeuVszH8_KYcGEJCww%3D%3D&ppt=None&ppn=None&ssid=ne1lelgpyo0000001699122750649&qH=a6ea0201872b6f90
Men Slim Fit Grey Pure Cotton Trousers,₹540,3.8★,Available,https://www.flipkart.com/indian-garage-co-slim-fit-men-grey-trousers/p/itmc65a80df9dd6c?pid=TROGPC9TKCGUHJWH&lid=LSTTROGPC9TKCGUHJWHMNVQDD&marketplace=FLIPKART&q=trouser&store=clo%2Fvua%2Fmle&srno=s_9_350&otracker=search&otracker1=search&fm=organic&iid=c68bb356-72b0-4418-88bd-074da3d36f82.TROGPC9TKCGUHJWH.SEARCH&ppt=None&ppn=None&ssid=ne1lelgpyo0000001699122750649&qH=a6ea0201872b6f90
Men Slim Fit Maroon Lycra Blend Trousers,₹685,3.8★,Available,https://www.flipkart.com/red-cherry-slim-fit-men-maroon-trousers/p/itma336bbec293eb?pid=TROGR84RFWXHFGYK&lid=LSTTROGR84RFWXHFGYKMGEA3E&marketplace=FLIPKART&q=trouser&store=clo%2Fvua%2Fmle&srno=s_9_358&otracker=search&otracker1=search&fm=organic&iid=en_KZ5FGACEaLZ3elxtpCSGQ9FkYa6L1ANcYe2WqWiK-bvO1levhCBHkbj7qzo3TmPtsHYd8xWj-VUYfwyS04cFog%3D%3D&ppt=None&ppn=None&ssid=ne1lelgpyo0000001699122750649&qH=a6ea0201872b6f90
Men Regular Fit Black Cotton Blend Trousers,"₹1,175",3.8★,Available,https://www.flipkart.com/allen-solly-regular-fit-men-black-trousers/p/itm7c321635949ff?pid=TROGHWH4EGJF7GPA&lid=LSTTROGHWH4EGJF7GPAMAFO4K&marketplace=FLIPKART&q=trouser&store=clo%2Fvua%2Fmle&srno=s_9_323&otracker=search&otracker1=search&fm=organic&iid=c68bb356-72b0-4418-88bd-074da3d36f82.TROGHWH4EGJF7GPA.SEARCH&ppt=None&ppn=None&ssid=ne1lelgpyo0000001699122750649&qH=a6ea0201872b6f90
Men Regular Fit Dark Blue Cotton Blend Trousers,₹757,3.9★,Available,https://www.flipkart.com/urbano-plus-regular-fit-men-dark-blue-trousers/p/itm0ef48c982d613?pid=TROFUUTH8MXF3VM3&lid=LSTTROFUUTH8MXF3VM3EOLZQL&marketplace=FLIPKART&q=trouser&store=clo%2Fvua%2Fmle&srno=s_9_352&otracker=search&otracker1=search&fm=organic&iid=en_KZ5FGACEaLZ3elxtpCSGQ9FkYa6L1ANcYe2WqWiK-buIGbCCiqDBMKxMmnj7DvOGlyKfRwsL6eZXrT29ja4vSw%3D%3D&ppt=None&ppn=None&ssid=ne1lelgpyo0000001699122750649&qH=a6ea0201872b6f90
Men Slim Fit Black Cotton Blend Trousers,₹419,3.8★,Available,https://www.flipkart.com/srey-slim-fit-men-black-trousers/p/itmbe466bbd870e7?pid=TROFXQUZTQSZDWWF&lid=LSTTROFXQUZTQSZDWWFOS6VVV&marketplace=FLIPKART&q=trouser&store=clo%2Fvua%2Fmle&srno=s_9_351&otracker=search&otracker1=search&fm=organic&iid=en_KZ5FGACEaLZ3elxtpCSGQ9FkYa6L1ANcYe2WqWiK-bsK4stCUvFSMvdGcMMSGqLj1J-W06rLcQTN12BVXwRHmA%3D%3D&ppt=None&ppn=None&ssid=ne1lelgpyo0000001699122750649&qH=a6ea0201872b6f90
Women Regular Fit Black Lycra Blend Trousers,₹359,4.1★,Available,https://www.flipkart.com/q-rious-regular-fit-women-black-trousers/p/itmce20854f664e3?pid=TROGK2EH8PU9GAMW&lid=LSTTROGK2EH8PU9GAMWL74EOT&marketplace=FLIPKART&q=trouser&store=clo%2Fvua%2Fmle&srno=s_9_344&otracker=search&otracker1=search&fm=organic&iid=c68bb356-72b0-4418-88bd-074da3d36f82.TROGK2EH8PU9GAMW.SEARCH&ppt=None&ppn=None&ssid=ne1lelgpyo0000001699122750649&qH=a6ea0201872b6f90
Men Tapered White Cotton Blend Trousers,₹879,4.2★,Available,https://www.flipkart.com/flying-machine-tapered-men-white-trousers/p/itm8de8b6a9842ea?pid=TROGSAVZC5TUCUKE&lid=LSTTROGSAVZC5TUCUKEOBXPWE&marketplace=FLIPKART&q=trouser&store=clo%2Fvua%2Fmle&srno=s_9_355&otracker=search&otracker1=search&fm=organic&iid=c68bb356-72b0-4418-88bd-074da3d36f82.TROGSAVZC5TUCUKE.SEARCH&ppt=None&ppn=None&ssid=ne1lelgpyo0000001699122750649&qH=a6ea0201872b6f90
"Pack of 2 Men Slim Fit Black, Grey Lycra Blend Trousers",₹479,4★,Available,https://www.flipkart.com/perfect-slim-fit-men-black-grey-trousers/p/itmde5a332a2c27a?pid=TROGPY8QD2G9UHCV&lid=LSTTROGPY8QD2G9UHCVQZ8JN2&marketplace=FLIPKART&q=trouser&store=clo%2Fvua%2Fmle&srno=s_9_327&otracker=search&otracker1=search&fm=organic&iid=en_KZ5FGACEaLZ3elxtpCSGQ9FkYa6L1ANcYe2WqWiK-bu4007HeUhZNdKSYUF82XSWCiIdTVWlgdvYSDAEw4bsHA%3D%3D&ppt=None&ppn=None&ssid=ne1lelgpyo0000001699122750649&qH=a6ea0201872b6f90
Men Slim Fit Brown Cotton Blend Trousers,₹999,4.4★,Available,https://www.flipkart.com/peter-england-slim-fit-men-brown-trousers/p/itm4aa912879687f?pid=TROGQMS8NRGYMK6M&lid=LSTTROGQMS8NRGYMK6MYYGE17&marketplace=FLIPKART&q=trouser&store=clo%2Fvua%2Fmle&srno=s_9_325&otracker=search&otracker1=search&fm=organic&iid=c68bb356-72b0-4418-88bd-074da3d36f82.TROGQMS8NRGYMK6M.SEARCH&ppt=None&ppn=None&ssid=ne1lelgpyo0000001699122750649&qH=a6ea0201872b6f90
"Pack of 2 Men Regular Fit Grey, Black Lycra Blend Trousers",₹479,4★,Available,https://www.flipkart.com/perfect-regular-fit-men-grey-black-trousers/p/itm0f90572510484?pid=TROGHUAX7A5ZENCQ&lid=LSTTROGHUAX7A5ZENCQF1E0CG&marketplace=FLIPKART&q=trouser&store=clo%2Fvua%2Fmle&srno=s_9_332&otracker=search&otracker1=search&fm=organic&iid=en_KZ5FGACEaLZ3elxtpCSGQ9FkYa6L1ANcYe2WqWiK-bvG7psM2DXwLs-HqJdzGnzq2uKnxkifXRADiFkr3Em5jA%3D%3D&ppt=None&ppn=None&ssid=ne1lelgpyo0000001699122750649&qH=a6ea0201872b6f90
Men Slim Fit Black Lycra Blend Trousers,₹429,3.7★,Available,https://www.flipkart.com/provogue-slim-fit-men-black-trousers/p/itm2c6b5e72ef767?pid=TROGHHSBDUNGJ7N2&lid=LSTTROGHHSBDUNGJ7N218UPT7&marketplace=FLIPKART&q=trouser&store=clo%2Fvua%2Fmle&srno=s_9_321&otracker=search&otracker1=search&fm=organic&iid=en_KZ5FGACEaLZ3elxtpCSGQ9FkYa6L1ANcYe2WqWiK-bvPTLMcLk-4FP_0z1Bgu8N4ClyLUkuwAJQ8C_qiEaueWA%3D%3D&ppt=None&ppn=None&ssid=ne1lelgpyo0000001699122750649&qH=a6ea0201872b6f90
Men Slim Fit Light Blue Cotton Blend Trousers,₹562,3.8★,Available,https://www.flipkart.com/urbano-fashion-slim-fit-men-light-blue-trousers/p/itmff7dgg6e5gsrm?pid=TROFST5WSGDFH6BH&lid=LSTTROFST5WSGDFH6BH0ILONT&marketplace=FLIPKART&q=trouser&store=clo%2Fvua%2Fmle&srno=s_9_347&otracker=search&otracker1=search&fm=organic&iid=en_KZ5FGACEaLZ3elxtpCSGQ9FkYa6L1ANcYe2WqWiK-buMqWhK6zvRnjYnrQKOw9q7rIxUS3gz9Ggd20WMOq7qpg%3D%3D&ppt=None&ppn=None&ssid=ne1lelgpyo0000001699122750649&qH=a6ea0201872b6f90
Men Slim Fit Black Cotton Blend Trousers,₹930,4.4★,Available,https://www.flipkart.com/killer-slim-fit-men-black-trousers/p/itmf4464972c11d1?pid=TROGSZASYUN9W7RZ&lid=LSTTROGSZASYUN9W7RZYOTBXX&marketplace=FLIPKART&q=trouser&store=clo%2Fvua%2Fmle&srno=s_9_346&otracker=search&otracker1=search&fm=organic&iid=c68bb356-72b0-4418-88bd-074da3d36f82.TROGSZASYUN9W7RZ.SEARCH&ppt=None&ppn=None&ssid=ne1lelgpyo0000001699122750649&qH=a6ea0201872b6f90
Women Regular Fit Grey Cotton Blend Trousers,₹412,4.1★,Available,https://www.flipkart.com/ms-bottom-regular-fit-women-grey-trousers/p/itm2c4098738f0c9?pid=TROGSTPNG6DD4YWJ&lid=LSTTROGSTPNG6DD4YWJDNDMMO&marketplace=FLIPKART&q=trouser&store=clo%2Fvua%2Fmle&srno=s_9_345&otracker=search&otracker1=search&fm=organic&iid=c68bb356-72b0-4418-88bd-074da3d36f82.TROGSTPNG6DD4YWJ.SEARCH&ppt=None&ppn=None&ssid=ne1lelgpyo0000001699122750649&qH=a6ea0201872b6f90
